\xef\xbb\xbfWeek,NO,English,Korean,POS,Definition,Definition_Korean,Example,Example_Korean
1,1,bring,가져오다,verb,to carry something to another place,다른 곳으로 무언가를 나르다,Make sure you bring your umbrella,우산을 꼭 가져오세요
1,2,before,~전에,prep.,earlier in time,시간상 더 이른,Brush your teeth before you go to bed.,잠자리에 들기 전에 이를 닦으세요.
1,3,light,가벼운,adj.,having little weight,무게가 적은,Your pencil case is very light. I think it's empty.,너의 필통은 매우 가벼워. 비어있는 것 같아.
1,4,carry,들고가다,verb,to hold something while moving,움직이면서 무언가를 들다,Can you carry all those books?,그 모든 책들을 들고 갈 수 있어?
1,5,suddenly,갑자기,adv.,quickly and unexpectedly,빠르고 예상치 못하게,Suddenly it started to rain.,갑자기 비가 내리기 시작했다.
1,6,around,~주위에,prep.,on all sides,모든 면에,Let's walk around the park.,공원 주위를 걸어보자.
1,7,blast off,발사하다,phr.v.,to leave the ground fast,빠르게 땅을 떠나다,When it is ready the rocket will blast off.,준비가 되면 로켓이 발사될 것이다.
1,8,startle,깜짝 놀리게 하다,adj.,surprised and slightly frightened,놀라고 약간 무서워하는,She gave a startle look.,그녀는 깜짝 놀란 표정을 지었다.
1,9,distinguish,구별하다,verb,to notice or recognize a difference between people or things,사람이나 사물 간의 차이를 알아차리거나 인식하다,It's hard to distinguish twins.,쌍둥이를 구별하기는 어렵다.
1,10,classify,분류하다,verb,to divide things or people into groups according to their type,유형에 따라 사물이나 사람을 그룹으로 나누다,We can classify animals by their size or where they live.,크기나 서식지에 따라 동물을 분류할 수 있다.
2,1,dust,먼지,noun,tiny dry pieces of dirt,작은 마른 흙 조각들,There's a lot of dust on this TV.,이 TV에 먼지가 많이 있다.
2,2,gravity,중력,noun,the force that pulls us to the ground,우리를 땅으로 끌어당기는 힘,Gravity keeps us from flying in the sky.,중력이 우리가 하늘로 날아가지 않게 한다.
2,3,earth,지구땅,noun,the planet we live on,우리가 사는 행성,Earth is the third planet from the sun.,지구는 태양으로부터 세 번째 행성이다.
2,4,lunar,달의,adj.,having to do with the moon,달과 관련된,The lunar new year is in February.,음력 새해는 2월에 있다.
2,5,rover,탐사선,noun,something that moves from one place to another,한 장소에서 다른 장소로 움직이는 것,The astronauts use a rover to explore the moon.,우주비행사들은 달을 탐사하기 위해 탐사선을 사용한다.
2,6,footprint(-s),발자국,noun,the mark a person or an animal leaves when walking,사람이나 동물이 걸을 때 남기는 자국,I saw some animal footprints in the snow.,눈 속에서 동물 발자국을 봤다.
2,7,astronaut,우주비행사,noun,a person who goes into space,우주로 가는 사람,An astronaut must train very hard.,우주비행사는 매우 열심히 훈련해야 한다.
2,8,equipment,장비,noun,the things you need to do something,무언가를 하기 위해 필요한 것들,I brought some baseball equipment so we can play.,우리가 놀 수 있도록 야구 장비를 가져왔다.
2,9,entire,전체의,adj.,whole or complete with nothing missing,아무것도 빠지지 않은 완전한,I ate the entire cake.,나는 케이크를 전부 먹었다.
2,10,organize,정리하다,verb,arrange them a certain way,특정한 방식으로 배열하다,I organize my books by color.,나는 책을 색깔별로 정리한다.
3,1,sure,확실한,adj.,Certain,확실한,Are you sure you want to go in there?,정말 거기에 들어가고 싶어?
3,2,project,프로젝트계획,noun,a piece of planned work or an activity,계획된 작업이나 활동의 일부,We are working on a science project.,우리는 과학 프로젝트를 하고 있다.
3,3,about,~에대하여,prep.,Relating to,~에 관련된,This book is about the four seasons.,이 책은 사계절에 관한 것이다.
3,4,maybe,아마도,adv.,perhaps; not sure,아마도; 확실하지 않은,Maybe we should wait until the rain stops.,비가 그칠 때까지 기다리는 게 좋을 것 같다.
3,5,structure,구조건축물,noun,the way that something is built arranged or organized,무언가가 만들어지고 배열되고 조직되는 방식,The structure of the building is very strong.,그 건물의 구조는 매우 튼튼하다.
3,6,break down,고장 나다,phr.v.,to stop working,작동을 멈추다,My computer is old. I think it will break down soon.,내 컴퓨터는 오래됐다. 곧 고장날 것 같다.
3,7,remain,남다,verb,to stay in the same place or in the same condition,같은 장소나 같은 상태에 머물다,Only a few cookies remain on the plate.,접시에 쿠키가 몇 개만 남아있다.
3,8,thoughtful,사려 깊은,adv.,carefully considering things,신중하게 생각하는,She gave me a thoughtful gift.,그녀는 나에게 사려 깊은 선물을 주었다.
3,9,leaped,뛰어오르다,verb,to make a large jump,큰 점프를 하다,The cat leaped over the wall.,고양이가 벽을 뛰어넘었다.
3,10,stretch,늘이다,verb,to make (something) wider or longer by pulling it,잡아당겨서 더 넓거나 길게 만들다,I stretch my arms every morning.,나는 매일 아침 팔을 늘인다.
4,1,stubborn,고집이센,adj.,If you are stubborn that means you don't change your mind easily,고집스럽다는 것은 쉽게 마음을 바꾸지 않는다는 뜻,My sister is stubborn. She won't let me watch the TV.,내 여동생은 고집이 세다. 나에게 TV를 보게 해주지 않는다.
4,2,parachute,낙하산,noun,something that opens up and helps you float to the ground,펼쳐져서 땅으로 떠내려가는 것을 도와주는 것,Don't go skydiving without a parachute!,낙하산 없이 스카이다이빙을 하지 마라!
4,3,exclaim(-ed),외치다,verb,to say something in a strong way,강하게 무언가를 말하다,"Watch out" he exclaimed!,"조심해!"라고 그가 외쳤다!
4,4,reef,암초산호,noun,rocks sand or coral that is close to the surface of the sea or ocean,바다나 대양의 표면 가까이에 있는 바위 모래 또는 산호,Sailors need to know where the reef is so they don't hit it.,선원들은 암초가 어디 있는지 알아야 부딪히지 않는다.
4,5,fog,안개,noun,like a cloud that is close to the ground,땅에 가까운 구름 같은 것,I can't see in this fog.,이 안개 속에서는 볼 수 없다.
4,6,pirate(-s),해적,noun,a sailor who attacks other boats,다른 배를 공격하는 선원,I'm wearing a pirate costume for Halloween.,나는 할로윈에 해적 의상을 입고 있다.
4,7,explorer(-s),탐험가,noun,a person who goes somewhere no one has gone before,아무도 가본 적 없는 곳에 가는 사람,When I went into that cave I felt like an explorer.,그 동굴에 들어갔을 때 나는 탐험가가 된 기분이었다.
4,8,supplies,필요물품,noun,the things you need to bring with you,가져가야 하는 것들,Did you bring the supplies we need?,우리가 필요한 물품들을 가져왔니?
4,9,curious,호기심있는,adj.,interested in learning about people or things around you,주변 사람이나 사물에 대해 배우는 것에 관심이 있는,The child was curious about the new toy.,그 아이는 새 장난감에 대해 호기심이 있었다.
4,10,improve,개선하다,verb,to (cause something to) get better,더 좋게 만들다,He worked hard to improve his grades.,그는 성적을 향상시키기 위해 열심히 공부했다.
5,1,contented,만족한,adj.,happy and satisfied,행복하고 만족하는,He felt contented after eating his favorite pizza.,그는 좋아하는 피자를 먹고 나서 만족감을 느꼈다.
5,2,ground,땅,noun,the soil we grow things in and walk on,우리가 작물을 기르고 걷는 흙,The ground is hard and dry here.,여기 땅은 딱딱하고 건조하다.
5,3,sometimes,때때로가끔,adv.,now and then; at times,가끔; 때때로,Sometimes we go to my grandmother's house on Sundays.,때때로 우리는 일요일에 할머니 집에 간다.
5,4,under,~아래에,prep.,in a lower place than,~보다 낮은 곳에,There's a mouse under the table.,테이블 아래에 쥐가 있다.
5,5,these,이것들,adj.,more than one thing that is close,가까이 있는 하나 이상의 것,These candies are better than those ones.,이 사탕들이 저 사탕들보다 더 좋다.
5,6,right,곧바로,adv.,in a straight line; directly,직선으로; 직접적으로,Fruit that comes right from the tree tastes the best.,나무에서 바로 딴 과일이 가장 맛있다.
5,7,crush(-ing),부딪히다,verb,to break ground or grind something,부수거나 갈아버리다,I crushed the can by stepping on it.,나는 캔을 밟아서 찌그러뜨렸다.
5,8,vegetable(-s),야채,noun,a plant or part of a plant that you can eat,먹을 수 있는 식물이나 식물의 일부,Potatoes are my favorite vegetables.,감자는 내가 가장 좋아하는 야채다.
5,9,complicate,복잡하게만들다,verb,to make (something) more difficult or less simple,더 어렵게 하거나 덜 간단하게 만들다,The new rules will complicate the game.,새로운 규칙들이 게임을 복잡하게 만들 것이다.
5,10,device,기기장치,noun,an object made to do a certain job,특정한 일을 하기 위해 만들어진 물건,I use my device to watch videos.,나는 비디오를 보기 위해 기기를 사용한다.
6,1,grain,곡물,noun,a small dry fruit of a cereal grass such as wheat,밀과 같은 곡초의 작고 마른 열매,Wheat is a grain. It is used to make bread.,밀은 곡물이다. 빵을 만드는데 사용된다.
6,2,flour,밀가루,noun,powder used for baking,제빵에 사용되는 가루,Can you go to the store and get some flour?,가게에 가서 밀가루를 좀 사올 수 있니?
6,3,pop(-s),튀어나오다,verb,to break open with a short sharp explosive sound,짧고 날카로운 폭발음과 함께 터지다,If you blow up your balloon too big it will pop.,풍선을 너무 크게 불면 터질 것이다.
6,4,nectar,꽃물꿀,noun,a sweet liquid in flowers,꽃 속의 달콤한 액체,Bees collect the nectar from flowers.,벌들은 꽃에서 꿀을 모은다.
6,5,hive,벌집,noun,where a group of bees live,벌들이 사는 곳,There's a bee hive in that tree over there.,저기 저 나무에 벌집이 있다.
6,6,sap,수액,noun,the liquid that comes from a tree,나무에서 나오는 액체,Maple syrup is made from tree sap.,메이플 시럽은 나무 수액으로 만들어진다.
6,7,drip(-s),똑똑 떨어지다,verb,to fall in small amounts,소량씩 떨어지다,The water drips into the sink.,물이 싱크대로 떨어진다.
6,8,trade,교환하다,verb,changing one thing for another,한 가지를 다른 것으로 바꾸다,Do you want to trade cards with me?,나와 카드를 교환하고 싶니?
6,9,chop(-ped),자르다,verb,to cut something with an ax,도끼로 무언가를 자르다,Can you chop some wood for the fire?,불을 위해 나무를 좀 잘라줄 수 있니?
6,10,imagine,상상하다,verb,to think of or create (something that is not real) in your mind,마음속에 (실제가 아닌) 무언가를 생각하거나 만들어내다,Can you imagine living on the moon?,달에 사는 것을 상상할 수 있니?
7,1,great,훌륭한,verb,of better quality,더 좋은 품질의,That was a great movie!,그것은 훌륭한 영화였다!
7,2,intend,의도하다,verb,to have as plan or purposes,계획이나 목적으로 갖다,I intend to study hard for the exam.,나는 시험을 위해 열심히 공부할 의도이다.
7,3,soon,곧,verb,shortly; in the near future,곧; 가까운 미래에,I have to go home soon.,나는 곧 집에 가야 한다.
7,4,laugh,웃다,noun,what you do to show that something is funny,무언가 재미있다는 것을 보여주기 위해 하는 것,My uncle always makes me laugh.,내 삼촌은 항상 나를 웃게 만든다.
7,5,do(done),끝내다,verb,finished; completed,끝난; 완료된,I have done all my homework.,나는 모든 숙제를 끝냈다.
7,6,crop(-s),(농)작물,noun,plants that are grown for eating,먹기 위해 기르는 식물들,What kind of crops does this farm grow?,이 농장은 어떤 종류의 작물을 기르나요?
7,7,hop,폴짝폴짝 뛰다,verb,to move quickly by making small jumps,작은 점프를 하여 빠르게 움직이다,A rabbit hops faster than a frog.,토끼는 개구리보다 빠르게 뛴다.
7,8,idea,생각,noun,a suggestion or plan for doing something,무언가를 하기 위한 제안이나 계획,She has a great idea for the project.,그녀는 그 프로젝트에 대한 좋은 아이디어가 있다.
7,9,unusual,비정상적인,adv.,not normal or usual,정상적이지 않거나 평범하지 않은,It's unusual to see snow in April.,4월에 눈을 보는 것은 이상하다.
7,10,volume,음량,noun,level of sound whether loud or soft,크든 작든 소리의 정도,Turn down the volume on the TV.,TV 볼륨을 줄여라.
8,1,wink,윙크하다,noun,closing and opening one eye very quickly,한쪽 눈을 매우 빠르게 감았다 뜨다,He smiled and gave me a wink,그는 미소를 지으며 나에게 윙크를 했다.
8,2,library,도서관,noun,a place where books are kept,책이 보관되는 곳,I need to go to the library to read a book.,나는 책을 읽기 위해 도서관에 가야 한다.
8,3,gasp(-ed),숨을 헐떡거리다,verb,to breath sharply because of shock or surprise,충격이나 놀라움 때문에 날카롭게 숨쉬다,I was so surprised that I gasped.,나는 너무 놀라서 헐떡거렸다.
8,4,lots of,많은,noun,Many,많은,There are lots of insects in my yard.,우리 마당에는 곤충이 많다.
8,5,change(-s),변화시키다,verb,to make things different,것들을 다르게 만들다,I need to change my clothes because these are dirty.,이 옷들이 더러워서 갈아입어야 한다.
8,6,past,지난과거,noun,the time before now,지금 이전의 시간,In the past they didn't have the internet.,과거에는 인터넷이 없었다.
8,7,right away,즉시,adv.,without delay; at once; now,지체 없이; 즉시; 지금,We have to leave right away!,우리는 지금 당장 떠나야 한다!
8,8,marvelous,놀라운,adj.,extremely good,극도로 좋은,The view from the top of the mountain was marvelous.,산 정상에서의 경치는 놀라웠다.
8,9,rocket,로켓,noun,something that flies in space,우주에서 날아다니는 것,I want to fly in a rocket someday.,언젠가 로켓을 타고 날고 싶다.
8,10,sense,감각,noun,a general feeling or understanding,일반적인 느낌이나 이해,He has a good sense of balance when he plays soccer.,그는 축구를 할 때 좋은 균형감각을 가지고 있다.
9,1,observe,관찰하다,verb,to watch carefully,주의 깊게 보다,I like to observe the birds in the park,나는 공원에서 새들을 관찰하는 것을 좋아한다.
9,2,more,좀더,adj.,greater in number,수가 더 많은,I have more homework than you.,나는 너보다 숙제가 더 많다.
9,3,balance,균형,noun,to make steady by keeping weight equal on all sides,모든 면에서 무게를 균등하게 유지하여 안정시키다,She kept her balance while riding the bike.,그녀는 자전거를 타면서 균형을 유지했다.
9,4,section,부분,noun,one of the parts that form something,무언가를 구성하는 부분 중 하나,This section of the book is about animals.,책의 이 부분은 동물에 관한 것이다.
9,5,shift,움직이다,verb,to move a little bit from one place to another,한 곳에서 다른 곳으로 조금 움직이다,The bags sometimes shift in an airplane.,가방들은 때때로 비행기에서 움직인다.
9,6,rod,낚싯대,noun,a pole used for fishing,낚시에 사용되는 막대,This is my lucky fishing rod. I catch a lot of fish with it.,이것은 내 행운의 낚싯대다. 이것으로 많은 물고기를 잡는다.
9,7,distract,산만하게 하다,verb,to make someone stop giving their attention to something,누군가가 무언가에 주의를 기울이는 것을 멈추게 하다,The loud music distracted the students during the test.,시끄러운 음악이 시험 중에 학생들을 방해했다.
9,8,nervous,긴장한,adj.,worried and anxious,걱정되고 불안한,He was nervous about meeting new people.,그는 새로운 사람들을 만나는 것에 대해 긴장했다.
9,9,scramble,서두르다,verb,to move or climb over something quickly,무언가 위로 빠르게 움직이거나 기어오르다,They scrambled up the hill.,그들은 언덕을 서둘러 올라갔다.
9,10,squeaky,삐걱거리는,adj.,making a very high sound,매우 높은 소리를 내는,The door made a squeaky sound when it opened.,문이 열릴 때 삐걱거리는 소리를 냈다.
10,1,twitch,갑자기 움직이다,verb,to move suddenly,갑자기 움직이다,If your fishing rod starts to twitch you have a fish.,낚싯대가 갑자기 움직이기 시작하면 물고기가 걸린 것이다.
10,2,stream,시냇물,noun,a small river,작은 강,Let's jump in the stream to cool off.,시원해지기 위해 개울에 뛰어들자.
10,3,dash,돌진,verb,to run,달리다,Let's dash to get out of the rain!,비를 피하기 위해 달리자!
10,4,log,통나무,noun,a piece of a trunk of a fallen tree,쓰러진 나무의 줄기 조각,There are a lot of ants on that log.,그 통나무에 개미가 많이 있다.
10,5,shell,껍데기,noun,the hard covering of a turtle or snail,거북이나 달팽이의 딱딱한 껍질,The turtle went into its shell.,거북이가 껍질 속으로 들어갔다.
10,6,meal,식사,noun,one of the three main times for eating in a day,하루에 세 번 먹는 주요 식사 중 하나,I haven't had a meal yet today.,나는 오늘 아직 식사를 하지 않았다.
10,7,joke,농담,noun,something said to make other people laugh,다른 사람들을 웃게 하기 위해 말하는 것,Do you know any good jokes?,좋은 농담 아는 거 있어?
10,8,perk up,활발해지다,phr.v.,to stick up in the air,공중으로 쫑긋 서다,My dog's ears perk up when we give his food.,우리가 먹이를 줄 때 개의 귀가 쫑긋 선다.
10,9,vast,방대한,adj.,extremely big,극도로 큰,The desert is vast and empty.,사막은 방대하고 비어있다.
10,10,certain,확실한,adj.,having no doubt or knowing exactly that something is true,의심이 없거나 무언가가 사실임을 정확히 아는,I am certain I left my keys on the table.,나는 열쇠를 테이블에 두고 왔다고 확신한다.
11,1,tell(told),말하다,verb,to say what happened,무슨 일이 일어났는지 말하다,I told you I was going to be late.,나는 늦을 것이라고 너에게 말했다.
11,2,conflict,갈등,noun,to have a disagreement between 2 or more people,2명 이상의 사람들 사이에 의견 불일치가 있다,They had a conflict over the rules of the game.,그들은 게임 규칙에 대해 갈등이 있었다.
11,3,pretty,꽤상당히,adv.,to some degree; mostly,어느 정도; 대부분,He got a pretty good score on the test.,그는 시험에서 꽤 좋은 점수를 받았다.
11,4,think,생각하다,verb,to use your brain,두뇌를 사용하다,I will have to think about it.,그것에 대해 생각해봐야겠다.
11,5,see(saw),보다(봤다),verb,to perceive an image with your eyes,눈으로 이미지를 인식하다,I saw that new movie yesterday.,나는 어제 그 새 영화를 봤다.
11,6,yard,마당,noun,the land that is around a house,집 주변의 땅,Let's go play in the yard!,마당에 가서 놀자!
11,7,fair,공정한,adj.,treating someone in a way that is right,누군가를 올바른 방식으로 대하는,The referee made a fair call during the game.,심판은 게임 중에 공정한 판정을 내렸다.
11,8,argument,논쟁,noun,a fight that uses words,말로 하는 싸움,They had an argument about which movie to watch.,그들은 어떤 영화를 볼지에 대해 논쟁했다.
11,9,risk,위험,noun,the possibility of something bad happening,나쁜 일이 일어날 가능성,There is a risk of falling if you climb too high.,너무 높이 올라가면 떨어질 위험이 있다.
11,10,shift,움직이다,verb,to move a little bit from one place to another,한 곳에서 다른 곳으로 조금 움직이다,The bags sometimes shift in an airplane.,가방들은 때때로 비행기에서 움직인다.
12,1,please(-d),기뻐하다,verb,to be made happy,행복하게 만들어지다,My mom was pleased with my test score.,내 엄마는 내 시험 점수에 만족했다.
12,2,awful,끔찍한,adj.,very bad; terrible,매우 나쁜; 끔찍한,I had an awful day.,나는 끔찍한 하루를 보냈다.
12,3,droop(-ed),늘어지다,verb,to hang loosely,느슨하게 매달리다,The branches drooped from all the snow.,모든 눈 때문에 가지들이 늘어졌다.
12,4,trunk,나무몸통,noun,the thick main part of a tree,나무의 두꺼운 주요 부분,There's a hole in the trunk of that tree.,그 나무의 줄기에 구멍이 있다.
12,5,delivery,배달배달물건,noun,a way of bringing something to someone,누군가에게 무언가를 가져다주는 방법,I have a delivery for Mr. Smith,스미스 씨에게 배달할 것이 있습니다.
12,6,buy(bought),사다(샀다),verb,to get something in exchange for money,돈을 주고 무언가를 얻다,My mom bought me some new shoes for school.,엄마는 학교를 위해 새 신발을 사주셨다.
12,7,whole,전체의,adj.,complete; all the parts,완전한; 모든 부분,He put a whole donut in his mouth.,그는 도넛 전체를 입에 넣었다.
12,8,toothpaste,치약,noun,something you use to clean your teeth,치아를 닦는데 사용하는 것,This new toothpaste tastes awful!,이 새 치약은 맛이 끔찍하다!
12,9,demand,요구하다,verb,to ask for something forcefully,강력하게 무언가를 요구하다,The teacher demanded silence during the test,선생님은 시험 중에 조용히 하라고 요구했다.
12,10,emergency,비상,noun,a dangerous or serious situation,위험하거나 심각한 상황,The fireman rushed to the emergency.,소방관이 응급상황으로 달려갔다.
13,1,learn(-ing),배우다,verb,to gain knowledge through experience or study,경험이나 공부를 통해 지식을 얻다,I am learning to play the piano.,나는 피아노 치는 것을 배우고 있다.
13,2,begin(-s),시작하다,verb,to start,시작하다,The class begins at 9:00 every day.,수업은 매일 9시에 시작한다.
13,3,until,~할때까지,conj.,up to the that time,그 시간까지,Let's keep playing until it gets dark,어두워질 때까지 계속 놀자.
13,4,Young,젊은어린,adj.,in an early stage of life,인생의 초기 단계에,You're too young to go on this ride.,너는 이 놀이기구를 타기에는 너무 어리다.
13,5,follow,~을 따라가다,verb,to come or go after,뒤따라 오거나 가다,I will follow you in my car.,내 차로 당신을 따라가겠다.
13,6,year(-s),1년,noun,twelve months,12개월,How many years have you played soccer?,축구를 몇 년 동안 했니?
13,7,beak,새의 부리,noun,the hard mouth part of a bird,새의 딱딱한 입 부분,That bird uses its beak to open the nuts.,그 새는 견과류를 열기 위해 부리를 사용한다.
13,8,inspire,영감을 주다,verb,to make someone want to do something,누군가가 무언가를 하고 싶게 만들다,The story of her success inspired me to keep trying.,그녀의 성공 이야기가 나에게 계속 노력하라는 영감을 주었다.
13,9,respect,존경존중,noun,a feeling of admiring someone or something that is good,좋은 누군가나 무언가를 존경하는 감정,It's important to respect your friends.,친구들을 존경하는 것이 중요하다.
13,10,decision,결정,noun,a choice that you make after thinking about something,무언가에 대해 생각한 후 내리는 선택,She made a decision to go to the park.,그녀는 공원에 가기로 결정을 내렸다.
14,1,bark,나무껍질,noun,the rough outer covering of a tree,나무의 거친 바깥 껍질,Look this tree has white bark!,이 나무는 하얀 껍질을 가지고 있다 봐!
14,2,hump,낙타의 등에있는 혹,noun,the round bump on the back of a camel,낙타 등의 둥근 혹,That camel has a huge hump!,그 낙타는 거대한 혹을 가지고 있다!
14,3,Fat,지방,noun,inside body part that helps you keep warm and stores food,몸을 따뜻하게 유지하고 음식을 저장하는 내부 신체 부위,I'm on a diet I need to lose some fat.,다이어트 중이라 지방을 좀 빼야 한다.
14,4,desert,사막,noun,a dry sandy place with very little rain,비가 거의 내리지 않는 마른 모래 장소,I wouldn't want to go to the desert. It's too hot.,사막에는 가고 싶지 않다. 너무 덥다.
14,5,herd,떼무리,noun,a group of animals that stay together,함께 지내는 동물 그룹,We saw a herd of horses on the way here.,여기 오는 길에 말 떼를 봤다.
14,6,cub,새끼(동물),noun,a young bear wolf or lion,어린 곰 늑대 또는 사자,Don't go near the cubs the mother will get angry!,새끼들에게 가까이 가지 마라 어미가 화낼 것이다!
14,7,duckling,오리 새끼,noun,a young duck,어린 오리,Maybe a duckling will come out of this egg.,이 알에서 오리새끼가 나올지도 모른다.
14,8,distance,거리,noun,the amount of space between two places,두 장소 사이의 공간의 양,The distance from my house to school is 2 kilometers,우리 집에서 학교까지의 거리는 2킬로미터다.
14,9,swiftly,빨리신속하게,adv.,quickly or immediately,빠르게 또는 즉시,The rabbit ran swiftly across the field.,토끼가 들판을 가로질러 신속하게 달렸다.
14,10,accept,수락하다,verb,to agree to take something,무언가를 받아들이기로 동의하다,She accepted the invitation to the party.,그녀는 파티 초대를 받아들였다.
15,1,house,집,noun,the place where you live,살고 있는 곳,Let's go to your house and play.,너의 집에 가서 놀자.
15,2,along,~을 따라서,prep.,in a line matching the direction of something,무언가의 방향과 일치하는 선으로,I like to walk along the river.,나는 강을 따라 걷는 것을 좋아한다.
15,3,often,자주,adv.,many times,많은 번,I often visit my grandparents.,나는 할아버지 할머니를 자주 방문한다.
15,4,again,다시,adv.,one more time,한 번 더,I've been there but I want to go again.,나는 거기에 가본 적이 있지만 다시 가고 싶다.
15,5,nothing,아무것도아닌것,pron.,not anything,아무것도 아닌,There's nothing to do around here.,여기 주변에는 할 일이 아무것도 없다.
15,6,begin(began),시작하다,verb,to start,시작하다,We were almost home when it began raining.,비가 내리기 시작했을 때 우리는 거의 집에 도착했다.
15,7,whistle,휘파람 불다,verb,to make a sound by pushing air through your teeth or lips,이나 입술로 공기를 밀어내며 소리를 내다,He would always whistle a happy tune.,그는 항상 행복한 멜로디를 휘파람으로 불었다.
15,8,straight,곧쭉,adv.,in a direct line,직선으로,When I finish school I go straight home.,학교가 끝나면 나는 바로 집에 간다.
15,9,cycle,순환,noun,a set of events or actions that happen again and again in the same order,같은 순서로 반복해서 일어나는 사건이나 행동의 집합,The water cycle is very important for the Earth.,물의 순환은 지구에 매우 중요하다.
15,10,predict,예측하다,verb,to say that an event or action will happen in the future,미래에 사건이나 행동이 일어날 것이라고 말하다,I can predict that it will rain tomorrow,나는 내일 비가 올 것이라고 예측할 수 있다.
16,1,chalk(-s),분필초크,noun,something used to write or color usually on a blackboard,칠판에 글을 쓰거나 색칠하는데 사용되는 것,The teacher dropped the chalk.,선생님이 분필을 떨어뜨렸다.
16,2,blow(blew),불다,verb,to push air out of your mouth,입에서 공기를 밀어내다,I blew out all the candles.,나는 모든 양초를 불어서 껐다.
16,3,cheek(-s),뺨,noun,the part of your face between your nose and ear,코와 귀 사이의 얼굴 부분,My mom kisses my cheek before I go to bed.,잠자리에 들기 전에 엄마가 내 뺨에 키스해준다.
16,4,crack,금,noun,a place where something is split or broken,무언가가 갈라지거나 부러진 곳,There's a crack in this glass.,이 유리컵에 금이 있다.
16,5,creative,창의적인,adj.,having the ability to make new and original ideas,새롭고 독창적인 아이디어를 만드는 능력을 가진,She is very creative and loves drawing.,그녀는 매우 창조적이고 그림 그리기를 좋아한다.
16,6,scramble(-d),서다,verb,to move quickly,빠르게 움직이다,We scrambled home because it started raining.,비가 내리기 시작해서 우리는 재빨리 집으로 갔다.
16,7,port,항구,noun,a place where boats can stop and load or unload,배가 멈춰서 짐을 싣거나 내릴 수 있는 곳,That boat left the port an hour ago.,그 배는 한 시간 전에 항구를 떠났다.
16,8,frigid,매우 추운,adj.,extremely cold,극도로 추운,The frigid wind made it hard to walk outside.,매서운 바람이 밖으로 걷기 어렵게 만들었다.
16,9,scorching,매우뜨거운,adj.,very hot,매우 뜨거운,The scorching sun made everyone seek shade.,찌는 듯한 태양이 모든 사람들을 그늘을 찾게 만들었다.
16,10,country,나라,noun,an area of land that has its own government army,자체 정부와 군대를 가진 토지 지역,Korea is my country.,한국은 나의 나라다.
17,1,ready,준비된,adj.,prepared or available for action,행동을 위해 준비되거나 이용 가능한,Are you ready to go?,갈 준비가 되었니?
17,2,gather,모이다모으다,verb,to bring (things or people) together into a group,사물이나 사람들을 그룹으로 모으다,We gathered flowers from the garden,우리는 정원에서 꽃을 모았다.
17,3,kind,종류,noun,a variety; a sort,다양성; 종류,What kind of bike do you have?,어떤 종류의 자전거를 가지고 있니?
17,4,also,또한~도 역시,adv.,too; in addition,너무; 추가로,You can also use it for camping.,캠핑에도 사용할 수 있다.
17,5,flower,꽃,noun,the colorful part of some plants,어떤 식물의 화려한 부분,That is a beautiful flower.,그것은 아름다운 꽃이다.
17,6,warm,따뜻한,adj.,a comfortable amount of heat,적당한 양의 열,Eat your dinner while it's still warm!,아직 따뜻할 때 저녁을 먹어라!
17,7,caterpillar,애벌레,noun,an insect shaped like a worm,벌레 모양의 곤충,A caterpillar eats leaves.,애벌레는 나뭇잎을 먹는다.
17,8,grow(grew),성장하다자라다,verb,to get bigger,더 커지다,I grew 10 centimeters this year.,나는 올해 10센티미터 자랐다.
17,9,effort,노력,noun,a serious attempt to do something,무언가를 하려는 진지한 시도,She put a lot of effort into her school project.,그녀는 학교 프로젝트에 많은 노력을 쏟았다.
17,10,tradition,전통,noun,a belief principle or way of acting that people in a particular society or group,특정 사회나 그룹의 사람들이 가진 믿음 원칙 또는 행동 방식,It is a tradition to eat kimchi on New Year's Day.,새해 첫날에 김치를 먹는 것은 전통이다.
18,1,hang,매달다,verb,to hold tightly to something,무언가에 단단히 매달리다,Hang on to something this is a bumpy road.,울퉁불퉁한 길이니 무언가에 매달려라.
18,2,drop(-s),한 방울,noun,a small amount of liquid,적은 양의 액체,There's a drop of paint on the floor.,바닥에 페인트 방울이 있다.
18,3,chew,씹다,verb,to bite and grind with the teeth,이로 물고 갈아내다,You should chew your food before you swallow it!,삼키기 전에 음식을 씹어야 한다!
18,4,munch,아삭아삭 먹다,verb,to eat noisily,시끄럽게 먹다,Do you have to munch so loudly?,그렇게 시끄럽게 우적우적 먹어야 하니?
18,5,chrysalis,번데기,noun,a stage that butterflies go through,나비가 거치는 단계,A butterfly will soon come out of this chrysalis.,나비가 곧 이 번데기에서 나올 것이다.
18,6,ancient,고대의,adj.,very old having lived or existed for a very long time,매우 오래 살았거나 존재했던,The ancient temple is over 1000 years old.,그 고대 사원은 1000년이 넘었다.
18,7,clue(-s),단서,noun,information; a hint,정보; 힌트,Can you give me a clue on this test question?,이 시험 문제에 대한 단서를 줄 수 있니?
18,8,movement,움직임,noun,a change of position,위치의 변화,The movement of the clock hands is steady.,시계 바늘의 움직임은 일정하다.
18,9,difficult,어려운,adj.,not easy or simple,쉽지 않거나 간단하지 않은,The math problem was very difficult.,그 수학 문제는 매우 어려웠다.
18,10,nobody,아무도,noun,not anyone,아무도 아닌,Nobody was at the park when I arrived.,내가 도착했을 때 공원에는 아무도 없었다.
19,1,city,도시,noun,a big place where many people live and work,많은 사람들이 살고 일하는 큰 곳,I want to move to the big city.,나는 큰 도시로 이사가고 싶다.
19,2,myself,내 자신,pron.,Myself is used when you're referring to you,자신을 가리킬 때 사용되는,I was looking at myself in the mirror.,나는 거울 속의 내 자신을 보고 있었다.
19,3,display,전시하다,verb,to show something or a collection of things in an organized way for people to see,사람들이 볼 수 있도록 조직적인 방법으로 무언가나 사물들의 모음을 보여주다,She displayed her artwork at the school exhibition.,그녀는 학교 전시회에서 자신의 작품을 전시했다.
19,4,pride,자부심,noun,a feeling that you respect yourself,자신을 존중한다는 느낌,He felt pride when he finished the race.,그가 경주를 마쳤을 때 자부심을 느꼈다.
19,5,family,가족,noun,a group that usually has parents and children,보통 부모와 자녀가 있는 그룹,There are six people in my family,우리 가족은 여섯 명이다.
19,6,crew,같이 일하는 동료,noun,a group of people who work together,함께 일하는 사람들의 그룹,That crew set up the tents very quickly.,그 팀이 텐트를 매우 빠르게 설치했다.
19,7,pail(-s),들통 버킷,noun,something you use to carry things,물건을 나르는데 사용하는 것,I left my pail at the beach.,나는 해변에 양동이를 두고 왔다.
19,8,design,디자인하다,verb,to make or draw plans for something,무언가에 대한 계획을 만들거나 그리다,She will design a new logo for the company,그녀는 회사를 위한 새 로고를 설계할 것이다.
19,9,purpose,목적,noun,why you do something or why something exists,무언가를 하는 이유나 무언가가 존재하는 이유,The purpose of the meeting is to discuss the project.,회의의 목적은 프로젝트를 논의하는 것이다.
19,10,represent,대표하다,verb,to speak act or be present officially for another person or people,다른 사람이나 사람들을 위해 공식적으로 말하거나 행동하거나 참석하다,She will represent our school in the competition.,그녀는 경연에서 우리 학교를 대표할 것이다.
20,1,pull up,~에 도다,verb,to come to a stop,멈추다,When we pull up to your house I will call you.,우리가 당신 집에 도착하면 전화할게요.
20,2,nation,국가,noun,a group of people living in one country,한 나라에 사는 사람들의 그룹,Korea is a nation with a rich history.,한국은 풍부한 역사를 가진 국가다.
20,3,unite,통합하다,verb,to join together as a group,그룹으로 함께 결합하다,The team united to win the championship.,팀이 챔피언십에서 우승하기 위해 연합했다.
20,4,repay(repaid),다시지불하다,verb,to give something back,무언가를 돌려주다,He repaid us for helping with ice cream.,그는 도움에 대한 보답으로 아이스크림을 사줬다.
20,5,neighborhood,이웃,noun,the area around your home,집 주변 지역,What is your neighborhood like?,당신의 동네는 어떤가요?
20,6,parade(-s),가두행진퍼레이드,noun,We want a celebration with people in costumes and music that moves through the streets to see the pageant at the park,의상을 입고 음악과 함께 거리를 행진하여 공원의 축제를 보는 축하 행사,This is the best parade I've ever seen!,이것은 내가 본 최고의 퍼레이드다!
20,7,greet,맞다환영하다,verb,to welcome someone in a friendly way,친근한 방식으로 누군가를 환영하다,Our class greeted the new student.,우리 반이 새 학생을 환영했다.
20,8,crate(-s),상자,noun,a kind of box used for packing things,물건을 포장하는데 사용되는 상자의 일종,Can you bring down the crate from the attic?,다락방에서 상자를 내려올 수 있어?
20,9,unpack,가방을 풀다,verb,to take out of a box or suitcase,상자나 여행가방에서 꺼내다,I still have to unpack my bags from my trip.,여행에서 가져온 가방의 짐을 아직 풀어야 한다.
20,10,anything,어떤 것,pron.,any object happening or matter,어떤 물체나 일어나는 일이나 문제,Is there anything to drink?,마실 것이 있나요?
